# name	a_lo	a_hi
# Type I cover of a=1..M for N=500000000, M=333333333.
# Same fi2. Do not rerun a finished dump. Do not merge until every row has a dump.
# Do not rerun N<=2e8. Do not kill running s2 / s3a.
N5e8_s0	1	26
N5e8_s1	27	693
N5e8_s2	694	18257
N5e8_s3a	18258	120000
N5e8_s3b	120001	240000
N5e8_s3c	240001	360000
N5e8_s3d	360001	480750
N5e8_a480751	480751	750000
N5e8_a750001	750001	1050000
N5e8_a1050001	1050001	1302083
N5e8_a1302084	1302084	4000000
N5e8_a4000001	4000001	12660000
N5e8_a12660001	12660001	40000000
N5e8_a40000001	40000001	120000000
N5e8_a120000001	120000001	333333333
