n,x,y,z,n_mod_840,notes
1129,2230904,304,3952,289,Mordell n≡289; independently verified
3529,884,479944,6239272,169,Mordell n≡169; independently verified
3529,884,445666,53473680676,169,Mordell n≡169; second independently verified triple
1201,1082101,318,5406,361,Mordell n≡361; independently verified
7681,1921,5207718,88531206,121,Mordell n≡121; independently verified
7561,1917,136098,28988874,1,Mordell n≡1; independently verified
7561,1926,102078,42878431,1,Mordell n≡1; second independently verified triple
5569,1422,66828,15838236,529,Mordell n≡529; independently verified
9769,2457,410298,48004866,529,Mordell n≡529; independently verified
8803369,2200869,181085300330,3293760527702370,169,Mordell n≡169; hard first-R=107
4201,1096,25206,13812888,1,Mordell n≡1; independently verified
5881,1604,17643,28299372,1,Mordell n≡1; independently verified
2521,636,69748,131876031,1,Mordell n≡1; misses first-term A/B/C; independently verified
2521,23833534,652,18908,1,Mordell n≡1; second independently verified triple
2521,638,55462,804199,1,Mordell n≡1; third independently verified triple
287567281,71891841,249081219789318,87170800302663702817003686,1,Mordell n≡1; hard first-R=83
1801,451,270754,19992746114,121,Mordell n≡121; independently verified
1801,464,15196,109471984,121,Mordell n≡121; second independently verified triple
6841,1711,3901660,1574784107540,121,Mordell n≡121; independently verified
794037841,198509476,2501968821287083,80270796439980920519093279756,121,Mordell n≡121; hard first-R=63
1009,253,85096,1974822872,169,Mordell n≡169; smallest leftover prime; independently verified
2689,676,121186,8472598004,169,Mordell n≡169; independently verified
21169,5300,3619899,19185464700,169,Mordell n≡169; independently verified
21169,5300,3619900,19157415775,169,Mordell n≡169; second independently verified triple
496609,124165,1209048192,57040300290188160,169,Mordell n≡169; hard first-R=51
13729,3516,144156,329852954,289,Mordell n≡289; missed by polynomial-parameter Type I/II
22129,5695,193630,856967654,289,Mordell n≡289; independently verified
33049,9132,86754,1911421964,289,Mordell n≡289; independently verified
8761,2222,153318,671609499,361,Mordell n≡361; missed by S1 (e≡719>211)
19681,5090,147610,290511241,361,Mordell n≡361; independently verified
25561,7330,49844,6370312420,361,Mordell n≡361; independently verified
3361,865,29410,19769402,1,Mordell n≡1; independently verified
14281,4134,26182,560857713,1,Mordell n≡1; independently verified
21001,6058,39377,1653912754,1,Mordell n≡1; independently verified
21841,5501,737134,16099743694,1,Mordell n≡1; independently verified
92401,23346,2194524,202776212124,1,Mordell n≡1; independently verified
24481,6293,222952,38206615384,121,Mordell n≡121; independently verified
44641,11198,3310536,1625642013336,121,Mordell n≡121; independently verified
5471041,1434652,29334858,6098704012192764,121,Mordell n≡121; deepest P_h k=38 below 1e7
9310681,2329056,3912159033,1165595672881007136,121,Mordell n≡121; independently verified
397489,99382,1012903894,588426434880245609,169,Mordell n≡169; independently verified
19009,4756,6027128,4697356722232,529,Mordell n≡529; independently verified
35809,8958,13947606,249724911627,529,Mordell n≡529; independently verified
532249,133076,1287811678,1226570539227892,529,Mordell n≡529; independently verified
176089,44030,250103184,57032343339751920,529,Mordell n≡529; independently verified
10001881,2748808810178203888,2500472,3572779413424,1,Type I a<=b y<=2n/3; first Mordell prime >1e7 in n≡1
10003681,4907385823607293398,2500921,8339486135286,121,Type I a<=b y<=2n/3; first Mordell prime >1e7 in n≡121
10001209,2033266554710186250,2500303,8335385126250,169,Type I a<=b y<=2n/3; first Mordell prime >1e7 in n≡169
10009729,191547169271218264,2502434,3578450590792,289,Type I a<=b y<=2n/3; first Mordell prime >1e7 in n≡289
10001401,2874780344207910390,2500351,8335695167310,361,Type I a<=b y<=2n/3; first Mordell prime >1e7 in n≡361
10001569,2101834400443407084,2500394,3572557946412,529,Type I a<=b y<=2n/3; first Mordell prime >1e7 in n≡529
20005441,33918447503981125,5001362,14299519128250,1,Type I a<=b y<=2n/3; first Mordell prime >2e7 in n≡1
20001361,995235437723111908,5000344,6667623700952,121,Type I a<=b y<=2n/3; first Mordell prime >2e7 in n≡121
20000569,36366769180868679234,5000145,9091433643930,169,Type I a<=b y<=2n/3; first Mordell prime >2e7 in n≡169
20000689,6300434082477028,5000177,5267926477996,289,Type I a<=b y<=2n/3; first Mordell prime >2e7 in n≡289
20006641,1144659790118215600,5001663,9097024664400,361,Type I a<=b y<=2n/3; first Mordell prime >2e7 in n≡361
20001769,5901043761158517,5000444,14322926762964,529,Type I a<=b y<=2n/3; first Mordell prime >2e7 in n≡529
50000161,20019503924995068928,12500042,89286700002304,1,Type I a<=b y<=2n/3; first Mordell prime >5e7 in n≡1
50001121,34080903136317716232,12500282,89289964336152,121,Type I a<=b y<=2n/3; first Mordell prime >5e7 in n≡121
50000329,612757438808317342122,12500083,208336158342906,169,Type I a<=b y<=2n/3; first Mordell prime >5e7 in n≡169
50000449,39375707190675328,12500115,56901323487360,289,Type I a<=b y<=2n/3; first Mordell prime >5e7 in n≡289
50009761,69951678937864757530,12502441,208415316396770,361,Type I a<=b y<=2n/3; first Mordell prime >5e7 in n≡361
50001529,9375573396267286,12500384,90149756815456,529,Type I a<=b y<=2n/3; first Mordell prime >5e7 in n≡529
100004521,2747625923489061032728,25001132,357175222161784,1,Type I a<=b y<=2n/3; first Mordell prime >1e8 in n≡1
100002961,1373748849793740866067,25000742,357164125316622,121,Type I a<=b y<=2n/3; first Mordell prime >1e8 in n≡121
100001329,3623333806292726062856,25000333,833355700150072,169,Type I a<=b y<=2n/3; first Mordell prime >1e8 in n≡169
100000609,1572356651129090010586,25000153,833343950033762,289,Type I a<=b y<=2n/3; first Mordell prime >1e8 in n≡289
100004041,1004138649566768869076,25001011,833401401389788,361,Type I a<=b y<=2n/3; first Mordell prime >1e8 in n≡361
100001689,605357948473460900256,25000424,357155157248736,529,Type I a<=b y<=2n/3; first Mordell prime >1e8 in n≡529
200004001,7491089709505764346270,50001001,3333468234698030,1,Type I a<=b y<=2n/3; first Mordell prime >2e8 in n≡1
200002441,22989351159788406711310,50000611,3333415233836390,121,Type I a<=b y<=2n/3; first Mordell prime >2e8 in n≡121
200002489,101032514652397327488,50000623,3333526335220608,169,Type I a<=b y<=2n/3; first Mordell prime >2e8 in n≡169
200000089,2304152050694006279326,50000024,1428573635715016,289,Type I a<=b y<=2n/3; first Mordell prime >2e8 in n≡289
200000161,12578650251602501266746,50000041,3333339633336258,361,Type I a<=b y<=2n/3; first Mordell prime >2e8 in n≡361
200000329,7246413840642758912582,50000088,434784115218696,529,Type I a<=b y<=2n/3; first Mordell prime >2e8 in n≡529
586775809,146693968,1366293202362976,475412724894607420750217312,529,shifted-greedy first-R=63; deepest in 5.70e8-8.00e8 n≡529 scan
3434195209,858548823,35534161289180136,114988543152664447192,529,shifted-greedy first-R=83; deepest in 8.00e8-8.00e9 n≡529 scan
